<?xml version="1.0" encoding="UTF-8"?>

<!--DOCTYPE people_list SYSTEM "language-definition.dtd"-->
<analyzer> 
    
    <language-name>SQL</language-name>
    <language-description>SQL Básico</language-description>
    <language-version>92</language-version>
    
    <case-sensitive>false</case-sensitive>
    
    <lexical>
        <tokens>
            <real/>
            <integer/>
            <string begin="'" end="'"/>
            <comment/>
            <key-words>
                <pattern><![CDATA[PRIMARY|POSITION|BETWEEN|HAVING|COLUMN|WHERE|LIKE|ALTER|TABLE|SELECT|DELETE|SMALLINT|INTEGER|DECIMAL|NUMERIC|DOUBLE|DEFAULT|PRECISION|DISTINCT|INSERT|VALUES|UPDATE|CREATE|TABLE|FROM|REAL|FLOAT|CHAR|VARCHAR|GROUP|ORDER|INTO|TYPE|DROP|SET|ADD|AS|IS|BY|NULL|KEY|IN|TO]]></pattern>
            </key-words>
            <logical-operator>
                <pattern><![CDATA[NOT|AND|OR]]></pattern>
            </logical-operator>
            <identifier/>
            <relational-operator>
                <pattern><![CDATA[(=|<>|>=|<=|[><])]]></pattern>                
            </relational-operator>            
            <arithmetic-operator/>
            <custom-token name="concat-operator">
                <pattern><![CDATA[\|\|]]></pattern>
            </custom-token>
            <delimiter/>
        </tokens>
    </lexical>
    <syntactic>    
        
<!--

    <sql-command>       -> <dml> | <ddl> | &
    <dml>               -> <select> | <delete> | <insert> | <update>
    <ddl>               -> <create> | <alter> | <drop>
    <select>            -> SELECT <distinct> <columns-calc-list> FROM <tables-list> <where> <group-by> <having> <order-by> 
    <distinct>          -> DISTINCT | &
    <columns-calc-list> -> <column-calc> , <columns-calc-list> | <column-calc> | *
    <column-calc>       -> <arith-expr> AS identifier| <arith-expr> identifier | <arith-expr>    
    <tables-list>       -> <table> , <tables-list> | <table>
    <table>             -> identifier identifier | identifier
    <where>             -> WHERE <logical-expr> | &
    <logical-expr>      -> <logical-expr> OR <logical-term> | <logical-term>    
    <logical-term>	-> <logical-term> AND <logical-not-factor> | <logical-not-factor>    
    <logical-not-factor>-> NOT <relation> | <relation>        
    <relation>		-> <arith-expr> | <arith-expr> <preticate>
    <predicate>         -> <rel-expr> | <preticate-not> <between> | <preticate-not> <like> | <preticate-not> <in> | <is-null>    
    <preticate-not>     -> NOT | &       
    <rel-expr>          -> relational-operator <arith-expr>    
    <between>           -> BETWEEN <arith-expr> AND <arith-expr>
    <like>              -> LIKE <arith-expr>
    <in>                -> IN (<param-list>)    
    <is-null>           -> IS <preticate-not> NULL    
    <param-list>        -> <arith-expr>,<param-list> | <arith-expr>
    <arith-expr>	-> <arith-expr> + <term> | <arith-expr> - <term>| <arith-expr> || <term> | <term>
    <term>		-> <term> * <signed-factor> | <term> / <signed-factor> | <signed-factor>
    <signed-factor>	-> + <factor> | - <factor> | <factor>
    <factor>		-> ( <logical-expr> ) | real | integer | string | <column>    
    <group-by>          -> GROUP BY <column-list> | &
    <having>            -> <logical-expr> | &
    <order-by>          -> ORDER BY <column-list> | &
    <column-list>       -> <column>,<column-list> | <column>
    <column>            -> identifier . identifier | identifier    
    <delete>            -> DELETE FROM <table> <where> 
    <insert>            -> INSERT INTO <table> <insert-column> <insert-values>
    <insert-column>     -> ( <identifier-list> ) | &
    <identifier-list>   -> identifier , <identifier-list> | identifier
    <insert-values>     -> VALUES ( <columns-calc-list> ) | <select>    
    <update>            -> UPDATE <table> SET <update-columns> <where>
    <update-columns>    -> identifier = <arith-expr> , <update-columns> | identifier = <arith-expr> | &
    <create>            -> CREATE TABLE identifier <create-columns>
    <create-columns>    -> ( <create-columns> ) | <create-column> , <create-columns> | <create-column> | &
    <create-column>     -> identifier <data-type> <column-def> <constraint>
    <data-type>         -> SMALLINT | INTEGER | DECIMAL ( integer , integer ) | NUMERIC ( integer , integer ) |
                           REAL | FLOAT ( integer ) | DOUBLE PRECISION | CHAR ( integer ) | VARCHAR ( integer )
    <column-def>        -> NOT NULL | DEFAULT <arith-expr> | &
    <constraint>        -> PRIMARY KEY | &    
    <alter>             -> ALTER TABLE identifier <alter-operations>
    <alter-operations>  -> <alter-operation> , <alter-operations> | <alter-operation>
    <alter-operation>   -> ADD <create-column> | ALTER <alter-column> identifier <alter-clause> | DROP identifier 
    <alter-column>      -> COLUMN | &
    <alter-clause>      -> TO identifier | TYPE <data-type> | POSITION integer
    <drop>              -> DROP TABLE <table>
    
-->

        <context-free-grammar>
            
            <not-terminal name="sql-command">   
                <productions>
                    <production>
                        <not-terminal name="dml"></not-terminal>
                    </production>
                    <production>
                        <not-terminal name="ddl"></not-terminal>
                    </production>
                    <production>
                        <empty></empty>
                    </production>
                </productions>
            </not-terminal>

            <not-terminal name="dml">   
                <productions>
                    <production>
                        <not-terminal name="select"></not-terminal>
                    </production>
                    <production>
                        <not-terminal name="delete"></not-terminal>
                    </production>
                    <production>
                        <not-terminal name="insert"></not-terminal>
                    </production>
                    <production>
                        <not-terminal name="update"></not-terminal>
                    </production>
                </productions>
            </not-terminal>
            
            <not-terminal name="ddl">   
                <productions>
                    <production>
                        <not-terminal name="create"></not-terminal>
                    </production>
                    <production>
                        <not-terminal name="alter"></not-terminal>
                    </production>
                    <production>
                        <not-terminal name="drop"></not-terminal>
                    </production>
                </productions>
            </not-terminal>

            <not-terminal name="select">
                <productions>
                    <production>
                        <terminal name="key-words">SELECT</terminal>
                        <not-terminal name="distinct"></not-terminal>
                        <not-terminal name="columns-calc-list"></not-terminal>
                        <terminal name="key-words">FROM</terminal>
                        <not-terminal name="tables-list"></not-terminal>
                        <not-terminal name="where"></not-terminal>
                        <not-terminal name="group-by"></not-terminal>
                        <not-terminal name="having"></not-terminal>
                        <not-terminal name="order-by"></not-terminal>
                    </production>
                </productions>
            </not-terminal>

            <not-terminal name="distinct">
                <productions>
                    <production>
                        <terminal name="key-words">DISTINCT</terminal>
                    </production>
                    <production>
                        <empty></empty>
                    </production>
                </productions>
            </not-terminal>

            <not-terminal name="columns-calc-list">
                <productions>
                    <production>
                        <not-terminal name="column-calc"></not-terminal>
                        <terminal name="delimiter">,</terminal>
                        <not-terminal name="columns-calc-list"></not-terminal>
                    </production>
                    <production>
                        <not-terminal name="column-calc"></not-terminal>
                    </production>
                    <production>
                        <terminal name="arithmetic-operator">*</terminal>
                    </production>
                </productions>
            </not-terminal>

            <not-terminal name="column-calc">
                <productions>
                    <production>
                        <not-terminal name="arith-expr"></not-terminal>
                        <terminal name="key-words">AS</terminal>
                        <terminal name="identifier"></terminal>
                    </production>
                    <production>
                        <not-terminal name="arith-expr"></not-terminal>
                        <terminal name="identifier"></terminal>
                    </production>
                    <production>
                        <not-terminal name="arith-expr"></not-terminal>
                    </production>
                </productions>
            </not-terminal>
            
            <not-terminal name="tables-list">
                <productions>
                    <production>
                        <not-terminal name="table"></not-terminal>
                        <terminal name="delimiter">,</terminal>
                        <not-terminal name="tables-list"></not-terminal>
                    </production>
                    <production>
                        <not-terminal name="table"></not-terminal>
                    </production>
                </productions>
            </not-terminal>
            
            <not-terminal name="table">
                <productions>
                    <production>
                        <terminal name="identifier"></terminal>
                        <terminal name="identifier"></terminal>
                    </production>
                    <production>
                        <terminal name="identifier"></terminal>
                    </production>
                </productions>
            </not-terminal>

            <not-terminal name="where">
                <productions>
                    <production>
                        <terminal name="key-words">WHERE</terminal>
                        <not-terminal name="logical-expr"></not-terminal>
                    </production>
                    <production>
                        <empty></empty>
                    </production>
                </productions>
            </not-terminal>
                                                
            <not-terminal name="logical-expr">
                <productions>
                    <production>
                        <not-terminal name="logical-expr"></not-terminal>
                        <terminal name="logical-operator">OR</terminal>
                        <not-terminal name="logical-term"></not-terminal>
                    </production>
                    <production>
                        <not-terminal name="logical-term"></not-terminal>
                    </production>
                </productions>
            </not-terminal>
            
            <not-terminal name="logical-term">
                <productions>
                    <production>
                        <not-terminal name="logical-term"></not-terminal>
                        <terminal name="logical-operator">AND</terminal>
                        <not-terminal name="logical-not-factor"></not-terminal>
                    </production>
                    <production>
                        <not-terminal name="logical-not-factor"></not-terminal>
                    </production>
                </productions>
            </not-terminal>
            
            <not-terminal name="logical-not-factor">                
                <productions>
                    <production>
                        <terminal name="logical-operator">NOT</terminal>
                        <not-terminal name="relation"></not-terminal>
                    </production>
                    <production>
                        <not-terminal name="relation"></not-terminal>
                    </production>
                </productions>
            </not-terminal>

            <not-terminal name="relation">                
                <productions>
                    <production>
                        <not-terminal name="arith-expr"></not-terminal>
                    </production>
                    <production>
                        <not-terminal name="arith-expr"></not-terminal>
                        <not-terminal name="predicate"></not-terminal>
                    </production>
                </productions>
            </not-terminal>
            
            <not-terminal name="predicate">                
                <productions>
                    <production>
                        <not-terminal name="rel-expr"></not-terminal>
                    </production>
                    <production>
                        <not-terminal name="preticate-not"></not-terminal>
                        <not-terminal name="between"></not-terminal>
                    </production>
                    <production>
                        <not-terminal name="preticate-not"></not-terminal>
                        <not-terminal name="like"></not-terminal>
                    </production>
                    <production>
                        <not-terminal name="preticate-not"></not-terminal>
                        <not-terminal name="in"></not-terminal>
                    </production>
                    <production>
                        <not-terminal name="is-null"></not-terminal>
                    </production>
                </productions>
            </not-terminal>
                                                
            <not-terminal name="preticate-not">                
                <productions>
                    <production>
                        <terminal name="logical-operator">NOT</terminal>
                    </production>
                    <production>
                        <empty></empty>
                    </production>
                </productions>
            </not-terminal>

            <not-terminal name="rel-expr">                
                <productions>
                    <production>
                        <terminal name="relational-operator"></terminal>
                        <not-terminal name="arith-expr"></not-terminal>
                    </production>
                </productions>
            </not-terminal>

            <not-terminal name="between">                
                <productions>
                    <production>
                        <terminal name="key-words">BETWEEN</terminal>
                        <not-terminal name="arith-expr"></not-terminal>
                        <terminal name="logical-operator">AND</terminal>
                        <not-terminal name="arith-expr"></not-terminal>
                    </production>
                </productions>
            </not-terminal>
            
            <not-terminal name="like">                
                <productions>
                    <production>
                        <terminal name="key-words">LIKE</terminal>
                        <not-terminal name="arith-expr"></not-terminal>
                    </production>
                </productions>
            </not-terminal>
                        
            <not-terminal name="in">                
                <productions>
                    <production>
                        <terminal name="key-words">IN</terminal>
                        <terminal name="delimiter">(</terminal>
                        <not-terminal name="param-list"></not-terminal>
                        <terminal name="delimiter">)</terminal>
                    </production>                    
                </productions>
            </not-terminal>
            
            <not-terminal name="is-null">                
                <productions>
                    <production>
                        <terminal name="key-words">IS</terminal>
                        <not-terminal name="preticate-not"></not-terminal>
                        <terminal name="key-words">NULL</terminal>
                    </production>                    
                </productions>
            </not-terminal>
            
            <not-terminal name="param-list">                
                <productions>
                    <production>
                        <not-terminal name="arith-expr"></not-terminal>
                        <terminal name="delimiter">,</terminal>
                        <not-terminal name="param-list"></not-terminal>
                    </production>    
                    <production>
                        <not-terminal name="arith-expr"></not-terminal>
                    </production>    
                </productions>
            </not-terminal>

            <not-terminal name="arith-expr">                
                <productions>
                    <production>
                        <not-terminal name="arith-expr"></not-terminal>
                        <terminal name="arithmetic-operator">+</terminal>
                        <not-terminal name="term"></not-terminal>
                    </production>
                    <production>
                        <not-terminal name="arith-expr"></not-terminal>
                        <terminal name="arithmetic-operator">-</terminal>
                        <not-terminal name="term"></not-terminal>
                    </production>
                    <production>
                        <not-terminal name="arith-expr"></not-terminal>
                        <terminal name="concat-operator">||</terminal>
                        <not-terminal name="term"></not-terminal>
                    </production>
                    <production>
                        <not-terminal name="term"></not-terminal>
                    </production>
                </productions>                                                                                                
            </not-terminal>
                                                           
            <not-terminal name="term">                
                <productions>
                    <production>
                        <not-terminal name="term"></not-terminal>
                        <terminal name="arithmetic-operator">*</terminal>
                        <not-terminal name="signed-factor"></not-terminal>
                    </production>
                    <production>
                        <not-terminal name="term"></not-terminal>
                        <terminal name="arithmetic-operator">/</terminal>
                        <not-terminal name="signed-factor"></not-terminal>
                    </production>
                    <production>
                        <not-terminal name="signed-factor"></not-terminal>
                    </production>
                </productions>
            </not-terminal>
            
            <not-terminal name="signed-factor">                
                <productions>
                    <production>
                        <terminal name="arithmetic-operator">+</terminal>
                        <not-terminal name="factor"></not-terminal>
                    </production>
                    <production>
                        <terminal name="arithmetic-operator">-</terminal>
                        <not-terminal name="factor"></not-terminal>
                    </production>
                    <production>
                        <not-terminal name="factor"></not-terminal>
                    </production>
                </productions>
            </not-terminal>
            
            <not-terminal name="factor">                
                <productions>
                    <production>
                        <terminal name="delimiter">(</terminal>
                        <not-terminal name="logical-expr"></not-terminal>
                        <terminal name="delimiter">)</terminal>
                    </production>
                    <production>
                        <terminal name="real"></terminal>
                    </production>
                    <production>
                        <terminal name="integer"></terminal>
                    </production>
                    <production>
                        <terminal name="string"></terminal>
                    </production>
                    <production>
                        <not-terminal name="column"></not-terminal>
                    </production>
                </productions>                
            </not-terminal>            
                                                                       
            <not-terminal name="group-by">                
                <productions>
                    <production>
                        <terminal name="key-words">GROUP</terminal>
                        <terminal name="key-words">BY</terminal>
                        <not-terminal name="column-list"></not-terminal>
                    </production>
                    <production>
                        <empty></empty>
                    </production>
                </productions>
            </not-terminal>
            
            <not-terminal name="having">
                <productions>
                    <production>
                        <not-terminal name="logical-expr"></not-terminal>
                    </production>
                    <production>
                        <empty></empty>
                    </production>
                </productions>
            </not-terminal>
            
            <not-terminal name="order-by">                
                <productions>
                    <production>
                        <terminal name="key-words">ORDER</terminal>
                        <terminal name="key-words">BY</terminal>
                        <not-terminal name="column-list"></not-terminal>
                    </production>
                    <production>
                        <empty></empty>
                    </production>
                </productions>
            </not-terminal>
            
            <not-terminal name="column-list">                
                <productions>
                    <production>
                        <not-terminal name="column"></not-terminal>
                        <terminal name="delimiter">,</terminal>
                        <not-terminal name="column-list"></not-terminal>
                    </production>
                    <production>
                        <not-terminal name="column"></not-terminal>
                    </production>
                </productions>                
            </not-terminal>
            
            <not-terminal name="column">                
                <productions>
                    <production>
                        <terminal name="identifier"></terminal>
                        <terminal name="delimiter">.</terminal>
                        <terminal name="identifier"></terminal>
                    </production>
                    <production>
                        <terminal name="identifier"></terminal>
                    </production>
                </productions>                
            </not-terminal>

            <not-terminal name="delete">                
                <productions>
                    <production>                        
                        <terminal name="key-words">DELETE</terminal>
                        <terminal name="key-words">FROM</terminal>
                        <not-terminal name="table"></not-terminal>
                        <not-terminal name="where"></not-terminal>
                    </production>
                </productions>                
            </not-terminal>

            <not-terminal name="insert">                
                <productions>
                    <production>                        
                        <terminal name="key-words">INSERT</terminal>
                        <terminal name="key-words">INTO</terminal>
                        <not-terminal name="table"></not-terminal>
                        <not-terminal name="insert-column"></not-terminal>
                        <not-terminal name="insert-values"></not-terminal>
                    </production>
                </productions>                
            </not-terminal>
            
            <not-terminal name="insert-column">                
                <productions>
                    <production>                        
                        <terminal name="delimiter">(</terminal>
                        <not-terminal name="identifier-list"></not-terminal>
                        <terminal name="delimiter">)</terminal>
                    </production>
                    <production>                        
                        <empty></empty>
                    </production>                        
                </productions>                
            </not-terminal>

            <not-terminal name="identifier-list">                
                <productions>
                    <production>                        
                        <terminal name="identifier"></terminal>
                        <terminal name="delimiter">,</terminal>
                        <not-terminal name="identifier-list"></not-terminal>
                    </production>
                    <production>                        
                        <terminal name="identifier"></terminal>
                    </production>                        
                </productions>                
            </not-terminal>
            
            <not-terminal name="insert-values">                
                <productions>
                    <production>                        
                        <terminal name="key-words">VALUES</terminal>
                        <terminal name="delimiter">(</terminal>
                        <not-terminal name="columns-calc-list"></not-terminal>
                        <terminal name="delimiter">)</terminal>
                    </production>
                    <production>                        
                        <not-terminal name="select"></not-terminal>
                    </production>                        
                </productions>                                
            </not-terminal>
            
            <not-terminal name="update">                
                <productions>
                    <production>                        
                        <terminal name="key-words">UPDATE</terminal>
                        <not-terminal name="table"></not-terminal>
                        <terminal name="key-words">SET</terminal>
                        <not-terminal name="update-columns"></not-terminal>
                        <not-terminal name="where"></not-terminal>
                    </production>
                </productions>                                
            </not-terminal>

            <not-terminal name="update-columns">                
                <productions>
                    <production>                        
                        <terminal name="identifier"></terminal>                        
                        <terminal name="relational-operator">=</terminal>                        
                        <not-terminal name="arith-expr"></not-terminal>
                        <terminal name="delimiter">,</terminal>                        
                        <not-terminal name="update-columns"></not-terminal>
                    </production>
                    <production>                        
                        <terminal name="identifier"></terminal>                        
                        <terminal name="relational-operator">=</terminal>                        
                        <not-terminal name="arith-expr"></not-terminal>
                    </production>
                    <production>                        
                        <empty></empty>
                    </production>
                </productions>                                
            </not-terminal>            

            <not-terminal name="create">                
                <productions>
                    <production>                        
                        <terminal name="key-words">CREATE</terminal>                        
                        <terminal name="key-words">TABLE</terminal>                        
                        <terminal name="identifier"></terminal>                        
                        <not-terminal name="create-columns"></not-terminal>                        
                    </production>
                </productions>                                
            </not-terminal>            

            <not-terminal name="create-columns">                
                <productions>
                    <production>                        
                        <terminal name="delimiter">(</terminal>                        
                        <not-terminal name="create-columns"></not-terminal>                        
                        <terminal name="delimiter">)</terminal>                        
                    </production>
                    <production>                        
                        <not-terminal name="create-column"></not-terminal>                        
                        <terminal name="delimiter">,</terminal>                        
                        <not-terminal name="create-columns"></not-terminal>                        
                    </production>
                    <production>                        
                        <not-terminal name="create-column"></not-terminal>                        
                    </production>
                    <production>                        
                        <empty></empty>
                    </production>
                </productions>                                
            </not-terminal>            

            <not-terminal name="create-column">                
                <productions>
                    <production>                        
                        <terminal name="identifier"></terminal>                        
                        <not-terminal name="data-type"></not-terminal>                        
                        <not-terminal name="column-def"></not-terminal>                        
                        <not-terminal name="constraint"></not-terminal>                        
                    </production>
                </productions>                                
            </not-terminal>            

            <not-terminal name="data-type">                
                <productions>
                    <production>                        
                        <terminal name="key-words">SMALLINT</terminal>                        
                    </production>
                    <production>                        
                        <terminal name="key-words">INTEGER</terminal>                        
                    </production>
                    <production>                        
                        <terminal name="key-words">DECIMAL</terminal>                        
                        <terminal name="delimiter">(</terminal>                                                
                        <terminal name="integer"></terminal>                        
                        <terminal name="delimiter">,</terminal>                                                
                        <terminal name="integer"></terminal>                        
                        <terminal name="delimiter">)</terminal>                        
                    </production>
                    <production>                        
                        <terminal name="key-words">NUMERIC</terminal>                        
                        <terminal name="delimiter">(</terminal>                                                
                        <terminal name="integer"></terminal>                        
                        <terminal name="delimiter">,</terminal>                                                
                        <terminal name="integer"></terminal>                        
                        <terminal name="delimiter">)</terminal>                        
                    </production>
                    <production>                        
                        <terminal name="key-words">REAL</terminal>                        
                    </production>
                    <production>                        
                        <terminal name="key-words">FLOAT</terminal>                        
                        <terminal name="delimiter">(</terminal>                                                
                        <terminal name="integer"></terminal>                        
                        <terminal name="delimiter">)</terminal>                        
                    </production>
                    <production>                        
                        <terminal name="key-words">DOUBLE</terminal>                        
                        <terminal name="key-words">PRECISION</terminal>                        
                    </production>
                    <production>                        
                        <terminal name="key-words">CHAR</terminal>                        
                        <terminal name="delimiter">(</terminal>                                                
                        <terminal name="integer"></terminal>                        
                        <terminal name="delimiter">)</terminal>                        
                    </production>
                    <production>                        
                        <terminal name="key-words">VARCHAR</terminal>                        
                        <terminal name="delimiter">(</terminal>                                                
                        <terminal name="integer"></terminal>                        
                        <terminal name="delimiter">)</terminal>                        
                    </production>
                </productions>                                
            </not-terminal>            

            <not-terminal name="column-def">                
                <productions>
                    <production>                        
                        <terminal name="logical-operator">NOT</terminal>                        
                        <terminal name="key-words">NULL</terminal>                        
                    </production>
                    <production>                        
                        <terminal name="key-words">DEFAULT</terminal>                        
                        <not-terminal name="arith-expr"></not-terminal>                        
                    </production>
                    <production>                        
                        <empty></empty>
                    </production>
                </productions>                                
            </not-terminal>            

            <not-terminal name="constraint">                
                <productions>
                    <production>                        
                        <terminal name="key-words">PRIMARY</terminal>                        
                        <terminal name="key-words">KEY</terminal>                        
                    </production>
                    <production>                        
                        <empty></empty>
                    </production>
                </productions>                                
            </not-terminal>            

            <not-terminal name="alter">                
                <productions>
                    <production>                        
                        <terminal name="key-words">ALTER</terminal>                        
                        <terminal name="key-words">TABLE</terminal>                        
                        <terminal name="identifier"></terminal>                        
                        <not-terminal name="alter-operations"></not-terminal>                        
                    </production>
                </productions>                                
            </not-terminal>            

            <not-terminal name="alter-operations">                
                <productions>
                    <production>                        
                        <not-terminal name="alter-operation"></not-terminal>                        
                        <terminal name="delimiter">,</terminal>                        
                        <not-terminal name="alter-operations"></not-terminal>                        
                    </production>
                    <production>                        
                        <not-terminal name="alter-operation"></not-terminal>                        
                    </production>
                </productions>                                
            </not-terminal>            

            <not-terminal name="alter-operation">                
                <productions>
                    <production>                        
                        <terminal name="key-words">ADD</terminal>                        
                        <not-terminal name="create-column"></not-terminal>                        
                    </production>
                    <production>                        
                        <terminal name="key-words">ALTER</terminal>                        
                        <not-terminal name="alter-column"></not-terminal>
                        <terminal name="identifier"></terminal>                        
                        <not-terminal name="alter-clause"></not-terminal>                        
                    </production>
                    <production>                        
                        <terminal name="key-words">DROP</terminal>                        
                        <terminal name="identifier"></terminal>                        
                    </production>
                </productions>                                
            </not-terminal>            

            <not-terminal name="alter-column">                
                <productions>
                    <production>                        
                        <terminal name="key-words">COLUMN</terminal>                        
                    </production>
                    <production>                        
                        <empty></empty>
                    </production>
                </productions>                                
            </not-terminal>            

            <not-terminal name="alter-clause">                
                <productions>
                    <production>                        
                        <terminal name="key-words">TO</terminal>                        
                        <terminal name="identifier"></terminal>                        
                    </production>
                    <production>                        
                        <terminal name="key-words">TYPE</terminal>                        
                        <not-terminal name="data-type"></not-terminal>                        
                    </production>
                    <production>                        
                        <terminal name="key-words">POSITION</terminal>                        
                        <terminal name="integer"></terminal>                        
                    </production>
                </productions>                                
            </not-terminal>            
            
            <not-terminal name="drop">                
                <productions>
                    <production>                        
                        <terminal name="key-words">DROP</terminal>                        
                        <terminal name="key-words">TABLE</terminal>                        
                        <terminal name="identifier"></terminal>                        
                    </production>
                </productions>                                
            </not-terminal>            

        </context-free-grammar>        
    </syntactic>    
    
</analyzer>
