<?xml version="1.0" encoding="UTF-8"?>
<!DOCTYPE people_list SYSTEM "language-definition.dtd">
<analyzer>   
    
    <language-name>Interpretador de Expressao</language-name>
    <language-version>1.0</language-version>    
    <computing-class>com.rim.analyzer.comp.ExpressionSupporter</computing-class>   
    
    <lexical>
        <tokens>
            <real/>
            <integer/>
            <arithmetic-operator/>
            <delimiter>
               <pattern>\(|\)|\s</pattern>
            </delimiter>
        </tokens>
    </lexical>
    
    <syntactic>    
        <context-free-grammar>
            <not-terminal name="EXPR" method="arithmeticOperation">                
                <productions>
                    <production>
                        <not-terminal name="EXPR"></not-terminal> 
                        <terminal name="arithmetic-operator">+</terminal>
                        <not-terminal name="TERM"></not-terminal>
                    </production>
                    <production>
                        <not-terminal name="EXPR"></not-terminal>
                        <terminal name="arithmetic-operator">-</terminal>
                        <not-terminal name="TERM"></not-terminal>
                    </production>
                    <production>
                        <not-terminal name="TERM"></not-terminal>
                    </production>
                </productions>                                                                                                
            </not-terminal>            
            <not-terminal name="TERM">                
                <productions>
                    <production>
                        <not-terminal name="TERM"></not-terminal>
                        <terminal name="arithmetic-operator">*</terminal>
                        <not-terminal name="SIGN-FACT"></not-terminal>
                    </production>
                    <production>
                        <not-terminal name="TERM"></not-terminal>
                        <terminal name="arithmetic-operator">/</terminal>
                        <not-terminal name="SIGN-FACT"></not-terminal>
                    </production>
                    <production>
                        <not-terminal name="SIGN-FACT"></not-terminal>
                    </production>
                </productions>
            </not-terminal>            
            <not-terminal name="SIGN-FACT">                
                <productions>
                    <production>
                        <terminal name="arithmetic-operator">+</terminal>
                        <not-terminal name="FACTOR"></not-terminal>
                    </production>
                    <production>
                        <terminal name="arithmetic-operator">-</terminal>
                        <not-terminal name="FACTOR"></not-terminal>
                    </production>
                    <production>
                        <not-terminal name="FACTOR"></not-terminal>
                    </production>
                </productions>
            </not-terminal>            
            <not-terminal name="FACTOR">                
                <productions>
                    <production>
                        <terminal name="delimiter">(</terminal>
                        <not-terminal name="EXPR"></not-terminal>
                        <terminal name="delimiter">)</terminal>
                    </production>
                    <production>
                        <terminal name="real"></terminal>
                    </production>
                    <production>
                        <terminal name="integer"></terminal>
                    </production>
                </productions>                
            </not-terminal>                        
        </context-free-grammar>        
    </syntactic>    
    
</analyzer>
